{
  "base_points": [
    [
      -350.43,
      282.0,
      0.0
    ],
    [
      350.43,
      282.0,
      0.0
    ],
    [
      419.43,
      162.48,
      0.0
    ],
    [
      69.0,
      -444.448,
      0.0
    ],
    [
      -69.0,
      -444.448,
      0.0
    ],
    [
      -419.43,
      162.48,
      0.0
    ]
  ],
  "platform_points": [
    [
      -69.0,
      295.08,
      0.0
    ],
    [
      69.0,
      295.08,
      0.0
    ],
    [
      290.04,
      -87.78,
      0.0
    ],
    [
      221.04,
      -207.29,
      0.0
    ],
    [
      -221.04,
      -207.29,
      0.0
    ],
    [
      -290.04,
      -87.78,
      0.0
    ]
  ],
  "home_height": 810.0,
  "stroke_min": [
    0.0,
    0.0,
    0.0,
    0.0,
    0.0,
    0.0
  ],
  "stroke_max": [
    400.0,
    400.0,
    400.0,
    400.0,
    400.0,
    400.0
  ],
  "home_pose": [
    0.0,
    0.010666666666674965,
    810.0,
    0.0,
    0.0,
    0.0
  ],
  "initial_lengths": [
    763.8548359824515,
    763.8548359824515,
    763.849789509546,
    763.8488973929624,
    763.8488973929624,
    763.849789509546
  ],
  "pose_display_signs": [
    -1.0,
    -1.0,
    1.0,
    -1.0,
    1.0,
    1.0
  ],
  "pose_control": {
    "z_offset_mm": 10.0
  },
  "udp": {
    "platform_ip": "192.168.31.88",
    "platform_port": 8080,
    "listen_host": "192.168.31.100",
    "listen_port": 8080,
    "cylinder": {
      "mode": "protocol_doc",
      "lead_mm": 10.0,
      "gear_ratio": 1.5,
      "pulse_scale": 10000.0,
      "pulses_per_rev": 8388608,
      "offset_mm": 0.0
    }
  }
}
